{
  "version": "2.0",
  "logging": {
    "applicationInsights": {
      "samplingSettings": {
        "isEnabled": true,
        "excludedTypes": "Request"
      }
    },
    "logLevel": {
      "default": "Information"
    }
  },
  "extensionBundle": {
    "id": "Microsoft.Azure.Functions.ExtensionBundle",
    "version": "[1.*, 2.0.0)"
  },
  "extensions": {
    "http": {
      "routePrefix": "travelEasy"
    },
    "queues": {
      "maxDequeueCount": 7,
      "visibilityTimeout": "00:03:00"
    }
  }
}
